component,kind,name,field,unit,recorded_value,used_for,source,url,datasheet_value,datasheet_reference,ok,notes
sts3215,actuator,Feetech STS3215 (12 V),mass_g,g,55,"Mass budget and centre of mass; Simulated dynamics (gait, speed, stability)","Manufacturer product page / datasheet, recalled from memory",https://www.feetechrc.com/,,,,
sts3215,actuator,Feetech STS3215 (12 V),dims_mm,mm,45.2 x 24.7 x 35,Viewport / Rhino / Blender geometry; CAD actuator mount (leg segment export),"Manufacturer product page / datasheet, recalled from memory",https://www.feetechrc.com/,,,,
sts3215,actuator,Feetech STS3215 (12 V),stall_torque_nm,N*m,2.94,Simulated torque limit and servo gain; Torque margins; Power budget; Battery runtime; Actuator temperature estimate,"Manufacturer product page / datasheet, recalled from memory",https://www.feetechrc.com/,,,,
sts3215,actuator,Feetech STS3215 (12 V),stall_current_a,A,2.7,Power budget; Battery runtime; Actuator temperature estimate,"Manufacturer product page / datasheet, recalled from memory",https://www.feetechrc.com/,,,,
sts3215,actuator,Feetech STS3215 (12 V),no_load_speed_rpm,rpm,45,not used by any calculation yet,"Manufacturer product page / datasheet, recalled from memory",https://www.feetechrc.com/,,,,
sts3215,actuator,Feetech STS3215 (12 V),voltage_v,V,12,not used by any calculation yet,"Manufacturer product page / datasheet, recalled from memory",https://www.feetechrc.com/,,,,
sts3215,actuator,Feetech STS3215 (12 V),gear_ratio,,345,not used by any calculation yet,"Manufacturer product page / datasheet, recalled from memory",https://www.feetechrc.com/,,,,
sts3215,actuator,Feetech STS3215 (12 V),idle_current_a,A,0.18,Power budget; Battery runtime; Actuator temperature estimate,"Manufacturer product page / datasheet, recalled from memory",https://www.feetechrc.com/,,,,
sts3215,actuator,Feetech STS3215 (12 V),armature_kgm2,kg*m^2,0.004,"Simulated dynamics (gait, speed, stability)","Manufacturer product page / datasheet, recalled from memory",https://www.feetechrc.com/,,,,
sts3215,actuator,Feetech STS3215 (12 V),winding_resistance_ohm,ohm,4.4,Actuator temperature estimate,"Manufacturer product page / datasheet, recalled from memory",https://www.feetechrc.com/,,,,
sts3215,actuator,Feetech STS3215 (12 V),r_thermal_k_per_w,K/W,9,Actuator temperature estimate,"Manufacturer product page / datasheet, recalled from memory",https://www.feetechrc.com/,,,,
sts3215,actuator,Feetech STS3215 (12 V),c_thermal_j_per_k,J/K,25,Actuator temperature estimate,"Manufacturer product page / datasheet, recalled from memory",https://www.feetechrc.com/,,,,
sts3215,actuator,Feetech STS3215 (12 V),max_temp_c,degC,70,not used by any calculation yet,"Manufacturer product page / datasheet, recalled from memory",https://www.feetechrc.com/,,,,
sts3215,actuator,Feetech STS3215 (12 V),cost_usd,USD,25,BOM cost,"Manufacturer product page / datasheet, recalled from memory",https://www.feetechrc.com/,,,,
xm430_w350,actuator,Dynamixel XM430-W350,mass_g,g,82,"Mass budget and centre of mass; Simulated dynamics (gait, speed, stability)","ROBOTIS e-Manual, recalled from memory",https://emanual.robotis.com/docs/en/dxl/x/xm430-w350/,,,,
xm430_w350,actuator,Dynamixel XM430-W350,dims_mm,mm,28.5 x 46.5 x 34,Viewport / Rhino / Blender geometry; CAD actuator mount (leg segment export),"ROBOTIS e-Manual, recalled from memory",https://emanual.robotis.com/docs/en/dxl/x/xm430-w350/,,,,
xm430_w350,actuator,Dynamixel XM430-W350,stall_torque_nm,N*m,4.1,Simulated torque limit and servo gain; Torque margins; Power budget; Battery runtime; Actuator temperature estimate,"ROBOTIS e-Manual, recalled from memory",https://emanual.robotis.com/docs/en/dxl/x/xm430-w350/,,,,
xm430_w350,actuator,Dynamixel XM430-W350,stall_current_a,A,2.3,Power budget; Battery runtime; Actuator temperature estimate,"ROBOTIS e-Manual, recalled from memory",https://emanual.robotis.com/docs/en/dxl/x/xm430-w350/,,,,
xm430_w350,actuator,Dynamixel XM430-W350,no_load_speed_rpm,rpm,46,not used by any calculation yet,"ROBOTIS e-Manual, recalled from memory",https://emanual.robotis.com/docs/en/dxl/x/xm430-w350/,,,,
xm430_w350,actuator,Dynamixel XM430-W350,voltage_v,V,12,not used by any calculation yet,"ROBOTIS e-Manual, recalled from memory",https://emanual.robotis.com/docs/en/dxl/x/xm430-w350/,,,,
xm430_w350,actuator,Dynamixel XM430-W350,gear_ratio,,353.5,not used by any calculation yet,"ROBOTIS e-Manual, recalled from memory",https://emanual.robotis.com/docs/en/dxl/x/xm430-w350/,,,,
xm430_w350,actuator,Dynamixel XM430-W350,idle_current_a,A,0.04,Power budget; Battery runtime; Actuator temperature estimate,"ROBOTIS e-Manual, recalled from memory",https://emanual.robotis.com/docs/en/dxl/x/xm430-w350/,,,,
xm430_w350,actuator,Dynamixel XM430-W350,armature_kgm2,kg*m^2,0.006,"Simulated dynamics (gait, speed, stability)","ROBOTIS e-Manual, recalled from memory",https://emanual.robotis.com/docs/en/dxl/x/xm430-w350/,,,,
xm430_w350,actuator,Dynamixel XM430-W350,winding_resistance_ohm,ohm,5.2,Actuator temperature estimate,"ROBOTIS e-Manual, recalled from memory",https://emanual.robotis.com/docs/en/dxl/x/xm430-w350/,,,,
xm430_w350,actuator,Dynamixel XM430-W350,r_thermal_k_per_w,K/W,7,Actuator temperature estimate,"ROBOTIS e-Manual, recalled from memory",https://emanual.robotis.com/docs/en/dxl/x/xm430-w350/,,,,
xm430_w350,actuator,Dynamixel XM430-W350,c_thermal_j_per_k,J/K,40,Actuator temperature estimate,"ROBOTIS e-Manual, recalled from memory",https://emanual.robotis.com/docs/en/dxl/x/xm430-w350/,,,,
xm430_w350,actuator,Dynamixel XM430-W350,max_temp_c,degC,80,not used by any calculation yet,"ROBOTIS e-Manual, recalled from memory",https://emanual.robotis.com/docs/en/dxl/x/xm430-w350/,,,,
xm430_w350,actuator,Dynamixel XM430-W350,cost_usd,USD,290,BOM cost,"ROBOTIS e-Manual, recalled from memory",https://emanual.robotis.com/docs/en/dxl/x/xm430-w350/,,,,
xh540_w270,actuator,Dynamixel XH540-W270,mass_g,g,165,"Mass budget and centre of mass; Simulated dynamics (gait, speed, stability)","ROBOTIS e-Manual, recalled from memory",https://emanual.robotis.com/docs/en/dxl/x/xh540-w270/,,,,
xh540_w270,actuator,Dynamixel XH540-W270,dims_mm,mm,33.5 x 58.5 x 44,Viewport / Rhino / Blender geometry; CAD actuator mount (leg segment export),"ROBOTIS e-Manual, recalled from memory",https://emanual.robotis.com/docs/en/dxl/x/xh540-w270/,,,,
xh540_w270,actuator,Dynamixel XH540-W270,stall_torque_nm,N*m,10.6,Simulated torque limit and servo gain; Torque margins; Power budget; Battery runtime; Actuator temperature estimate,"ROBOTIS e-Manual, recalled from memory",https://emanual.robotis.com/docs/en/dxl/x/xh540-w270/,,,,
xh540_w270,actuator,Dynamixel XH540-W270,stall_current_a,A,4.9,Power budget; Battery runtime; Actuator temperature estimate,"ROBOTIS e-Manual, recalled from memory",https://emanual.robotis.com/docs/en/dxl/x/xh540-w270/,,,,
xh540_w270,actuator,Dynamixel XH540-W270,no_load_speed_rpm,rpm,30,not used by any calculation yet,"ROBOTIS e-Manual, recalled from memory",https://emanual.robotis.com/docs/en/dxl/x/xh540-w270/,,,,
xh540_w270,actuator,Dynamixel XH540-W270,voltage_v,V,12,not used by any calculation yet,"ROBOTIS e-Manual, recalled from memory",https://emanual.robotis.com/docs/en/dxl/x/xh540-w270/,,,,
xh540_w270,actuator,Dynamixel XH540-W270,gear_ratio,,272.5,not used by any calculation yet,"ROBOTIS e-Manual, recalled from memory",https://emanual.robotis.com/docs/en/dxl/x/xh540-w270/,,,,
xh540_w270,actuator,Dynamixel XH540-W270,idle_current_a,A,0.05,Power budget; Battery runtime; Actuator temperature estimate,"ROBOTIS e-Manual, recalled from memory",https://emanual.robotis.com/docs/en/dxl/x/xh540-w270/,,,,
xh540_w270,actuator,Dynamixel XH540-W270,armature_kgm2,kg*m^2,0.012,"Simulated dynamics (gait, speed, stability)","ROBOTIS e-Manual, recalled from memory",https://emanual.robotis.com/docs/en/dxl/x/xh540-w270/,,,,
xh540_w270,actuator,Dynamixel XH540-W270,winding_resistance_ohm,ohm,2.4,Actuator temperature estimate,"ROBOTIS e-Manual, recalled from memory",https://emanual.robotis.com/docs/en/dxl/x/xh540-w270/,,,,
xh540_w270,actuator,Dynamixel XH540-W270,r_thermal_k_per_w,K/W,5,Actuator temperature estimate,"ROBOTIS e-Manual, recalled from memory",https://emanual.robotis.com/docs/en/dxl/x/xh540-w270/,,,,
xh540_w270,actuator,Dynamixel XH540-W270,c_thermal_j_per_k,J/K,80,Actuator temperature estimate,"ROBOTIS e-Manual, recalled from memory",https://emanual.robotis.com/docs/en/dxl/x/xh540-w270/,,,,
xh540_w270,actuator,Dynamixel XH540-W270,max_temp_c,degC,80,not used by any calculation yet,"ROBOTIS e-Manual, recalled from memory",https://emanual.robotis.com/docs/en/dxl/x/xh540-w270/,,,,
xh540_w270,actuator,Dynamixel XH540-W270,cost_usd,USD,450,BOM cost,"ROBOTIS e-Manual, recalled from memory",https://emanual.robotis.com/docs/en/dxl/x/xh540-w270/,,,,
qdd_bldc_generic,actuator,Generic quasi-direct-drive BLDC (moteus-class),mass_g,g,480,"Mass budget and centre of mass; Simulated dynamics (gait, speed, stability)","Order-of-magnitude figures for a ~100 mm 6:1 QDD actuator, recalled from memory",https://mjbots.com/,,,,
qdd_bldc_generic,actuator,Generic quasi-direct-drive BLDC (moteus-class),dims_mm,mm,100 x 100 x 45,Viewport / Rhino / Blender geometry; CAD actuator mount (leg segment export),"Order-of-magnitude figures for a ~100 mm 6:1 QDD actuator, recalled from memory",https://mjbots.com/,,,,
qdd_bldc_generic,actuator,Generic quasi-direct-drive BLDC (moteus-class),stall_torque_nm,N*m,16,Simulated torque limit and servo gain; Torque margins; Power budget; Battery runtime; Actuator temperature estimate,"Order-of-magnitude figures for a ~100 mm 6:1 QDD actuator, recalled from memory",https://mjbots.com/,,,,
qdd_bldc_generic,actuator,Generic quasi-direct-drive BLDC (moteus-class),stall_current_a,A,30,Power budget; Battery runtime; Actuator temperature estimate,"Order-of-magnitude figures for a ~100 mm 6:1 QDD actuator, recalled from memory",https://mjbots.com/,,,,
qdd_bldc_generic,actuator,Generic quasi-direct-drive BLDC (moteus-class),no_load_speed_rpm,rpm,600,not used by any calculation yet,"Order-of-magnitude figures for a ~100 mm 6:1 QDD actuator, recalled from memory",https://mjbots.com/,,,,
qdd_bldc_generic,actuator,Generic quasi-direct-drive BLDC (moteus-class),voltage_v,V,24,not used by any calculation yet,"Order-of-magnitude figures for a ~100 mm 6:1 QDD actuator, recalled from memory",https://mjbots.com/,,,,
qdd_bldc_generic,actuator,Generic quasi-direct-drive BLDC (moteus-class),gear_ratio,,6,not used by any calculation yet,"Order-of-magnitude figures for a ~100 mm 6:1 QDD actuator, recalled from memory",https://mjbots.com/,,,,
qdd_bldc_generic,actuator,Generic quasi-direct-drive BLDC (moteus-class),idle_current_a,A,0.1,Power budget; Battery runtime; Actuator temperature estimate,"Order-of-magnitude figures for a ~100 mm 6:1 QDD actuator, recalled from memory",https://mjbots.com/,,,,
qdd_bldc_generic,actuator,Generic quasi-direct-drive BLDC (moteus-class),armature_kgm2,kg*m^2,0.0015,"Simulated dynamics (gait, speed, stability)","Order-of-magnitude figures for a ~100 mm 6:1 QDD actuator, recalled from memory",https://mjbots.com/,,,,
qdd_bldc_generic,actuator,Generic quasi-direct-drive BLDC (moteus-class),winding_resistance_ohm,ohm,0.2,Actuator temperature estimate,"Order-of-magnitude figures for a ~100 mm 6:1 QDD actuator, recalled from memory",https://mjbots.com/,,,,
qdd_bldc_generic,actuator,Generic quasi-direct-drive BLDC (moteus-class),r_thermal_k_per_w,K/W,2,Actuator temperature estimate,"Order-of-magnitude figures for a ~100 mm 6:1 QDD actuator, recalled from memory",https://mjbots.com/,,,,
qdd_bldc_generic,actuator,Generic quasi-direct-drive BLDC (moteus-class),c_thermal_j_per_k,J/K,200,Actuator temperature estimate,"Order-of-magnitude figures for a ~100 mm 6:1 QDD actuator, recalled from memory",https://mjbots.com/,,,,
qdd_bldc_generic,actuator,Generic quasi-direct-drive BLDC (moteus-class),max_temp_c,degC,90,not used by any calculation yet,"Order-of-magnitude figures for a ~100 mm 6:1 QDD actuator, recalled from memory",https://mjbots.com/,,,,
qdd_bldc_generic,actuator,Generic quasi-direct-drive BLDC (moteus-class),cost_usd,USD,480,BOM cost,"Order-of-magnitude figures for a ~100 mm 6:1 QDD actuator, recalled from memory",https://mjbots.com/,,,,
bno085,sensor,BNO085 9-DOF IMU breakout,mass_g,g,3,"Mass budget and centre of mass; Simulated dynamics (gait, speed, stability)","Adafruit product page, recalled from memory",https://www.adafruit.com/product/4754,,,,
bno085,sensor,BNO085 9-DOF IMU breakout,dims_mm,mm,25.4 x 22.9 x 4.6,Viewport / Rhino / Blender geometry,"Adafruit product page, recalled from memory",https://www.adafruit.com/product/4754,,,,
bno085,sensor,BNO085 9-DOF IMU breakout,current_ma,mA,15,Power budget; Battery runtime,"Adafruit product page, recalled from memory",https://www.adafruit.com/product/4754,,,,
bno085,sensor,BNO085 9-DOF IMU breakout,voltage_v,V,3.3,Power budget; Battery runtime,"Adafruit product page, recalled from memory",https://www.adafruit.com/product/4754,,,,
bno085,sensor,BNO085 9-DOF IMU breakout,cost_usd,USD,25,BOM cost,"Adafruit product page, recalled from memory",https://www.adafruit.com/product/4754,,,,
fsr_foot,sensor,Force-sensitive resistor (foot),mass_g,g,1,"Mass budget and centre of mass; Simulated dynamics (gait, speed, stability)","Manufacturer page, recalled from memory",https://www.interlinkelectronics.com/fsr-402,,,,
fsr_foot,sensor,Force-sensitive resistor (foot),dims_mm,mm,18.3 x 18.3 x 0.5,Viewport / Rhino / Blender geometry,"Manufacturer page, recalled from memory",https://www.interlinkelectronics.com/fsr-402,,,,
fsr_foot,sensor,Force-sensitive resistor (foot),current_ma,mA,1,Power budget; Battery runtime,"Manufacturer page, recalled from memory",https://www.interlinkelectronics.com/fsr-402,,,,
fsr_foot,sensor,Force-sensitive resistor (foot),voltage_v,V,3.3,Power budget; Battery runtime,"Manufacturer page, recalled from memory",https://www.interlinkelectronics.com/fsr-402,,,,
fsr_foot,sensor,Force-sensitive resistor (foot),cost_usd,USD,9,BOM cost,"Manufacturer page, recalled from memory",https://www.interlinkelectronics.com/fsr-402,,,,
cap_touch_zone,sensor,Capacitive touch zone (MPR121 channel + conductive fabric),mass_g,g,4,"Mass budget and centre of mass; Simulated dynamics (gait, speed, stability)","Adafruit product page, recalled from memory",https://www.adafruit.com/product/1982,,,,
cap_touch_zone,sensor,Capacitive touch zone (MPR121 channel + conductive fabric),dims_mm,mm,33 x 19 x 3,Viewport / Rhino / Blender geometry,"Adafruit product page, recalled from memory",https://www.adafruit.com/product/1982,,,,
cap_touch_zone,sensor,Capacitive touch zone (MPR121 channel + conductive fabric),current_ma,mA,1,Power budget; Battery runtime,"Adafruit product page, recalled from memory",https://www.adafruit.com/product/1982,,,,
cap_touch_zone,sensor,Capacitive touch zone (MPR121 channel + conductive fabric),voltage_v,V,3.3,Power budget; Battery runtime,"Adafruit product page, recalled from memory",https://www.adafruit.com/product/1982,,,,
cap_touch_zone,sensor,Capacitive touch zone (MPR121 channel + conductive fabric),cost_usd,USD,8,BOM cost,"Adafruit product page, recalled from memory",https://www.adafruit.com/product/1982,,,,
i2s_microphone,sensor,I2S MEMS microphone breakout,mass_g,g,1,"Mass budget and centre of mass; Simulated dynamics (gait, speed, stability)","Adafruit product page, recalled from memory",https://www.adafruit.com/product/3421,,,,
i2s_microphone,sensor,I2S MEMS microphone breakout,dims_mm,mm,16.7 x 12.7 x 1.8,Viewport / Rhino / Blender geometry,"Adafruit product page, recalled from memory",https://www.adafruit.com/product/3421,,,,
i2s_microphone,sensor,I2S MEMS microphone breakout,current_ma,mA,1,Power budget; Battery runtime,"Adafruit product page, recalled from memory",https://www.adafruit.com/product/3421,,,,
i2s_microphone,sensor,I2S MEMS microphone breakout,voltage_v,V,3.3,Power budget; Battery runtime,"Adafruit product page, recalled from memory",https://www.adafruit.com/product/3421,,,,
i2s_microphone,sensor,I2S MEMS microphone breakout,cost_usd,USD,7,BOM cost,"Adafruit product page, recalled from memory",https://www.adafruit.com/product/3421,,,,
depth_camera,sensor,Depth camera (optional),mass_g,g,61,"Mass budget and centre of mass; Simulated dynamics (gait, speed, stability)","Order-of-magnitude figures, recalled from memory",https://shop.luxonis.com/,,,,
depth_camera,sensor,Depth camera (optional),dims_mm,mm,91 x 28 x 17.5,Viewport / Rhino / Blender geometry,"Order-of-magnitude figures, recalled from memory",https://shop.luxonis.com/,,,,
depth_camera,sensor,Depth camera (optional),current_ma,mA,700,Power budget; Battery runtime,"Order-of-magnitude figures, recalled from memory",https://shop.luxonis.com/,,,,
depth_camera,sensor,Depth camera (optional),voltage_v,V,5,Power budget; Battery runtime,"Order-of-magnitude figures, recalled from memory",https://shop.luxonis.com/,,,,
depth_camera,sensor,Depth camera (optional),cost_usd,USD,150,BOM cost,"Order-of-magnitude figures, recalled from memory",https://shop.luxonis.com/,,,,
motor_feedback,sensor,Motor current / temperature (built into smart servos),mass_g,g,0,"Mass budget and centre of mass; Simulated dynamics (gait, speed, stability)",Provided by the servo's own telemetry,,,,,
motor_feedback,sensor,Motor current / temperature (built into smart servos),dims_mm,mm,0 x 0 x 0,Viewport / Rhino / Blender geometry,Provided by the servo's own telemetry,,,,,
motor_feedback,sensor,Motor current / temperature (built into smart servos),current_ma,mA,0,Power budget; Battery runtime,Provided by the servo's own telemetry,,,,,
motor_feedback,sensor,Motor current / temperature (built into smart servos),voltage_v,V,0,Power budget; Battery runtime,Provided by the servo's own telemetry,,,,,
motor_feedback,sensor,Motor current / temperature (built into smart servos),cost_usd,USD,0,BOM cost,Provided by the servo's own telemetry,,,,,
teensy_41,board,Teensy 4.1,mass_g,g,10,"Mass budget and centre of mass; Simulated dynamics (gait, speed, stability)","PJRC product page, recalled from memory",https://www.pjrc.com/store/teensy41.html,,,,
teensy_41,board,Teensy 4.1,dims_mm,mm,61 x 18 x 5,Viewport / Rhino / Blender geometry,"PJRC product page, recalled from memory",https://www.pjrc.com/store/teensy41.html,,,,
teensy_41,board,Teensy 4.1,voltage_v,V,5,not used by any calculation yet,"PJRC product page, recalled from memory",https://www.pjrc.com/store/teensy41.html,,,,
teensy_41,board,Teensy 4.1,power_w,W,0.5,Power budget; Battery runtime,"PJRC product page, recalled from memory",https://www.pjrc.com/store/teensy41.html,,,,
teensy_41,board,Teensy 4.1,cost_usd,USD,32,BOM cost,"PJRC product page, recalled from memory",https://www.pjrc.com/store/teensy41.html,,,,
raspberry_pi_5,board,Raspberry Pi 5 (8 GB),mass_g,g,46,"Mass budget and centre of mass; Simulated dynamics (gait, speed, stability)",Raspberry Pi product page; power is a typical-load guess,https://www.raspberrypi.com/products/raspberry-pi-5/,,,,
raspberry_pi_5,board,Raspberry Pi 5 (8 GB),dims_mm,mm,85 x 56 x 17,Viewport / Rhino / Blender geometry,Raspberry Pi product page; power is a typical-load guess,https://www.raspberrypi.com/products/raspberry-pi-5/,,,,
raspberry_pi_5,board,Raspberry Pi 5 (8 GB),voltage_v,V,5,not used by any calculation yet,Raspberry Pi product page; power is a typical-load guess,https://www.raspberrypi.com/products/raspberry-pi-5/,,,,
raspberry_pi_5,board,Raspberry Pi 5 (8 GB),power_w,W,6,Power budget; Battery runtime,Raspberry Pi product page; power is a typical-load guess,https://www.raspberrypi.com/products/raspberry-pi-5/,,,,
raspberry_pi_5,board,Raspberry Pi 5 (8 GB),cost_usd,USD,80,BOM cost,Raspberry Pi product page; power is a typical-load guess,https://www.raspberrypi.com/products/raspberry-pi-5/,,,,
lipo_3s_5000,battery,3S LiPo 5000 mAh,mass_g,g,400,"Mass budget and centre of mass; Simulated dynamics (gait, speed, stability)",Typical figures for hobby 3S 5000 mAh packs,,,,,
lipo_3s_5000,battery,3S LiPo 5000 mAh,dims_mm,mm,138 x 44 x 26,Viewport / Rhino / Blender geometry,Typical figures for hobby 3S 5000 mAh packs,,,,,
lipo_3s_5000,battery,3S LiPo 5000 mAh,voltage_v,V,11.1,Battery runtime,Typical figures for hobby 3S 5000 mAh packs,,,,,
lipo_3s_5000,battery,3S LiPo 5000 mAh,capacity_mah,mAh,5000,Battery runtime,Typical figures for hobby 3S 5000 mAh packs,,,,,
lipo_3s_5000,battery,3S LiPo 5000 mAh,max_current_a,A,50,Power budget,Typical figures for hobby 3S 5000 mAh packs,,,,,
lipo_3s_5000,battery,3S LiPo 5000 mAh,cost_usd,USD,45,BOM cost,Typical figures for hobby 3S 5000 mAh packs,,,,,
petg,material,PETG (FDM printed),density_g_cm3,g/cm^3,1.27,"Mass budget and centre of mass; Simulated dynamics (gait, speed, stability)",Typical filament datasheet value,,,,,
petg,material,PETG (FDM printed),areal_density_g_cm2,g/cm^2,0,"Mass budget and centre of mass; Simulated dynamics (gait, speed, stability)",Typical filament datasheet value,,,,,
petg,material,PETG (FDM printed),joint_stiffness_nm_per_rad_per_mm,N*m/rad per mm,0,"Simulated dynamics (gait, speed, stability)",Typical filament datasheet value,,,,,
petg,material,PETG (FDM printed),joint_damping_nms_per_rad_per_mm,N*m*s/rad per mm,0,"Simulated dynamics (gait, speed, stability)",Typical filament datasheet value,,,,,
petg,material,PETG (FDM printed),cost_usd_per_kg,USD/kg,25,BOM cost,Typical filament datasheet value,,,,,
pla,material,PLA (FDM printed),density_g_cm3,g/cm^3,1.24,"Mass budget and centre of mass; Simulated dynamics (gait, speed, stability)",Typical filament datasheet value,,,,,
pla,material,PLA (FDM printed),areal_density_g_cm2,g/cm^2,0,"Mass budget and centre of mass; Simulated dynamics (gait, speed, stability)",Typical filament datasheet value,,,,,
pla,material,PLA (FDM printed),joint_stiffness_nm_per_rad_per_mm,N*m/rad per mm,0,"Simulated dynamics (gait, speed, stability)",Typical filament datasheet value,,,,,
pla,material,PLA (FDM printed),joint_damping_nms_per_rad_per_mm,N*m*s/rad per mm,0,"Simulated dynamics (gait, speed, stability)",Typical filament datasheet value,,,,,
pla,material,PLA (FDM printed),cost_usd_per_kg,USD/kg,22,BOM cost,Typical filament datasheet value,,,,,
knit_silicone_laminate,material,Knit + thin platinum silicone laminate,density_g_cm3,g/cm^3,1.07,"Mass budget and centre of mass; Simulated dynamics (gait, speed, stability)",Platinum silicone density from supplier TDS class values; mechanical coefficients are guesses,https://www.smooth-on.com/,,,,
knit_silicone_laminate,material,Knit + thin platinum silicone laminate,areal_density_g_cm2,g/cm^2,0.022,"Mass budget and centre of mass; Simulated dynamics (gait, speed, stability)",Platinum silicone density from supplier TDS class values; mechanical coefficients are guesses,https://www.smooth-on.com/,,,,
knit_silicone_laminate,material,Knit + thin platinum silicone laminate,joint_stiffness_nm_per_rad_per_mm,N*m/rad per mm,0.05,"Simulated dynamics (gait, speed, stability)",Platinum silicone density from supplier TDS class values; mechanical coefficients are guesses,https://www.smooth-on.com/,,,,
knit_silicone_laminate,material,Knit + thin platinum silicone laminate,joint_damping_nms_per_rad_per_mm,N*m*s/rad per mm,0.01,"Simulated dynamics (gait, speed, stability)",Platinum silicone density from supplier TDS class values; mechanical coefficients are guesses,https://www.smooth-on.com/,,,,
knit_silicone_laminate,material,Knit + thin platinum silicone laminate,cost_usd_per_kg,USD/kg,45,BOM cost,Platinum silicone density from supplier TDS class values; mechanical coefficients are guesses,https://www.smooth-on.com/,,,,
cast_silicone,material,"Solid cast platinum silicone (face, muzzle, hooves)",density_g_cm3,g/cm^3,1.07,"Mass budget and centre of mass; Simulated dynamics (gait, speed, stability)",Platinum silicone density from supplier TDS class values; mechanical coefficients are guesses,https://www.smooth-on.com/,,,,
cast_silicone,material,"Solid cast platinum silicone (face, muzzle, hooves)",areal_density_g_cm2,g/cm^2,0,"Mass budget and centre of mass; Simulated dynamics (gait, speed, stability)",Platinum silicone density from supplier TDS class values; mechanical coefficients are guesses,https://www.smooth-on.com/,,,,
cast_silicone,material,"Solid cast platinum silicone (face, muzzle, hooves)",joint_stiffness_nm_per_rad_per_mm,N*m/rad per mm,0.15,"Simulated dynamics (gait, speed, stability)",Platinum silicone density from supplier TDS class values; mechanical coefficients are guesses,https://www.smooth-on.com/,,,,
cast_silicone,material,"Solid cast platinum silicone (face, muzzle, hooves)",joint_damping_nms_per_rad_per_mm,N*m*s/rad per mm,0.03,"Simulated dynamics (gait, speed, stability)",Platinum silicone density from supplier TDS class values; mechanical coefficients are guesses,https://www.smooth-on.com/,,,,
cast_silicone,material,"Solid cast platinum silicone (face, muzzle, hooves)",cost_usd_per_kg,USD/kg,45,BOM cost,Platinum silicone density from supplier TDS class values; mechanical coefficients are guesses,https://www.smooth-on.com/,,,,
